[
  {
    "id": 1,
    "incident": "Прорыв пара в паропроводе цеха №3",
    "alternatives": [
      "Из трубы в третьем цеху идёт пар",
      "Утечка пара в паропроводе цеха 3",
      "Пар выходит из трещины в трубе в цеху №3",
      "Авария на паропроводе — пар валит в цехе 3",
      "пар",
      "утечка пара",
      "прорыв пара",
      "паровой трубопровод",
      "пар идёт из трубы",
      "авария с паром"
    ],
    "response_steps": [
      "1. Немедленно остановить подачу пара в аварийный участок.",
      "2. Эвакуировать весь персонал из зоны утечки.",
      "3. Закрыть аварийные задвижки до и после повреждённого участка.",
      "4. Уведомить диспетчера и вызвать аварийную бригаду.",
      "5. Провести ремонт только после снижения давления и остывания трубопровода.",
      "6. Зафиксировать инцидент в журнале аварий."
    ],
    "memo_file": "memo_001.txt"
  },
  {
    "id": 2,
    "incident": "Возгорание масла в цехе механической обработки",
    "alternatives": [
      "Масло загорелось у станков",
      "Пожар от масла в механическом цеху",
      "Воспламенилось масло на оборудовании",
      "Горит масло в зоне механической обработки",
      "масло",
      "горит масло",
      "пожар масла",
      "воспламенение масла",
      "масляный пожар",
      "станки горят от масла"
    ],
    "response_steps": [
      "1. Активировать пожарную сигнализацию.",
      "2. Использовать порошковые или углекислотные огнетушители (воду не применять!).",
      "3. Отключить электрооборудование в зоне возгорания.",
      "4. Эвакуировать персонал по установленным эвакуационным маршрутам.",
      "5. Вызвать пожарную охрану.",
      "6. После тушения — проветрить помещение и проанализировать причину возгорания."
    ],
    "memo_file": "memo_002.txt"
  },
  {
    "id": 3,
    "incident": "Остановка конвейерной линии из-за поломки двигателя",
    "alternatives": [
      "Конвейер остановился — сломался двигатель",
      "Двигатель конвейера вышел из строя",
      "Линия встала из-за неисправности мотора",
      "Не работает двигатель на конвейерной ленте",
      "двигатель",
      "мотор",
      "конвейер сломался",
      "остановка конвейера",
      "поломка двигателя",
      "конвейер не работает"
    ],
    "response_steps": [
      "1. Остановить смежные участки конвейерной линии.",
      "2. Проверить состояние защитных автоматов и предохранителей.",
      "3. Диагностировать двигатель: проверить обрыв фазы, перегрев, износ подшипников.",
      "4. Заменить или отремонтировать неисправный двигатель.",
      "5. Произвести пробный пуск без нагрузки.",
      "6. Зафиксировать простои и причины в журнале технического обслуживания."
    ],
    "memo_file": "memo_003.txt"
  },
  {
    "id": 4,
    "incident": "Утечка серной кислоты из резервуара в химцехе",
    "alternatives": [
      "Кислота вытекает из бака в химическом цеху",
      "Пролив серной кислоты в химцехе",
      "Из резервуара течёт серная кислота",
      "Разгерметизация ёмкости с кислотой",
      "кислота",
      "серная кислота",
      "пролив кислоты",
      "утечка кислоты",
      "химцех кислота",
      "кислота на полу"
    ],
    "response_steps": [
      "1. Оградить опасную зону и запретить доступ посторонним.",
      "2. Надеть полный комплект СИЗ: кислотозащитный костюм, перчатки, респиратор.",
      "3. Перекрыть подачу кислоты, если это безопасно.",
      "4. Нейтрализовать пролив с помощью известкового молока или соды.",
      "5. Собрать нейтрализованную массу в специальный контейнер для опасных отходов.",
      "6. Сообщить в экологический отдел и службу охраны труда."
    ],
    "memo_file": "memo_004.txt"
  },
  {
    "id": 5,
    "incident": "Поражение электрическим током при обслуживании оборудования",
    "alternatives": [
      "Работник ударился током при ремонте станка",
      "Электротравма во время ТО оборудования",
      "Человека ударило током у щита",
      "Поражение током при работе под напряжением",
      "ток",
      "ударило током",
      "электротравма",
      "поражение током",
      "электричество ударило",
      "человек под напряжением"
    ],
    "response_steps": [
      "1. Немедленно отключить питание на главном распределительном щите.",
      "2. Оказать первую помощь: при отсутствии дыхания/пульса — начать СЛР.",
      "3. Вызвать скорую медицинскую помощь.",
      "4. Оградить место происшествия до прибытия комиссии.",
      "5. Провести расследование: проверить заземление, состояние кабелей, наличие допуска у пострадавшего.",
      "6. Внести коррективы в программу инструктажа по электробезопасности."
    ],
    "memo_file": "memo_005.txt"
  },
  {
    "id": 6,
    "incident": "Задымление в электрощитовой",
    "alternatives": [
      "Из электрощитовой идёт дым",
      "Задымление в помещении с электрощитами",
      "Дым в распределительной комнате",
      "Перегрев оборудования в щитовой",
      "дым",
      "задымление",
      "дым из щитовой",
      "дым в электрощитовой",
      "перегрев щитовой",
      "горит щитовая"
    ],
    "response_steps": [
      "1. Отключить питание всей щитовой через вводной автомат.",
      "2. Использовать углекислотный (CO₂) огнетушитель — воду и пену запрещено!",
      "3. Не открывать двери без крайней необходимости (риск возгорания при притоке кислорода).",
      "4. Проверить работу автоматической системы пожаротушения.",
      "5. После устранения — провести диагностику кабелей, автоматов и нагрузки.",
      "6. Запретить повторный запуск до завершения расследования."
    ],
    "memo_file": "memo_006.txt"
  },
  {
    "id": 7,
    "incident": "Поломка насоса в системе охлаждения",
    "alternatives": [
      "Насос охлаждения вышел из строя",
      "Сломался насос в контуре охлаждения",
      "Остановка насоса системы охлаждения",
      "Насос не качает — перегрев оборудования",
      "насос",
      "поломка насоса",
      "насос охлаждения",
      "система охлаждения сломалась",
      "насос не работает",
      "перегрев из-за насоса"
    ],
    "response_steps": [
      "1. Перевести систему охлаждения в аварийный режим.",
      "2. Запустить резервный насос (если предусмотрен).",
      "3. Остановить оборудование, зависящее от охлаждения, чтобы избежать перегрева.",
      "4. Разобрать насос и осмотреть: засор, износ уплотнений, поломка крыльчатки.",
      "5. Провести ремонт или замену насоса.",
      "6. Восстановить работу системы и непрерывно контролировать температуру."
    ],
    "memo_file": "memo_007.txt"
  },
  {
    "id": 8,
    "incident": "Застревание груза в автоматической системе складирования",
    "alternatives": [
      "Груз заклинило в автоматическом складе",
      "Сбой в системе складирования — груз не движется",
      "Объект застрял в транспортной системе склада",
      "Авария в AS/RS — груз повреждён или заблокирован",
      "груз",
      "застрял груз",
      "груз заклинило",
      "автоматический склад груз",
      "система складирования сломалась",
      "груз не движется"
    ],
    "response_steps": [
      "1. Нажать аварийную кнопку «Стоп» и остановить всю систему.",
      "2. Визуально проверить положение груза и состояние роликов, направляющих, датчиков.",
      "3. Вручную освободить застрявший объект, соблюдая блокировки и правила БЖД.",
      "4. Перезапустить систему в тестовом (ручном) режиме без груза.",
      "5. Проверить настройки датчиков положения и логику ПЛК на предмет ошибок."
    ],
    "memo_file": "memo_008.txt"
  },
  {
    "id": 9,
    "incident": "Превышение уровня шума на рабочем месте",
    "alternatives": [
      "Слишком шумно на участке",
      "Уровень шума превышен у станков",
      "Шум мешает работе — требуется замер",
      "Оборудование гудит сильнее обычного",
      "шум",
      "высокий шум",
      "шум на рабочем месте",
      "станки шумят",
      "громкий шум",
      "шум превышен"
    ],
    "response_steps": [
      "1. Измерить уровень шума с помощью шумомера в контрольных точках.",
      "2. Выявить источник: изношенные подшипники, дисбаланс, вибрация, недостаточная смазка.",
      "3. Провести техническое обслуживание: смазка, балансировка, замена деталей.",
      "4. Обеспечить работников средствами индивидуальной защиты (беруши или наушники).",
      "5. Внести изменения в график планового ТО для предотвращения повторения.",
      "6. Провести повторный замер шума после устранения неполадок."
    ],
    "memo_file": "memo_009.txt"
  },
  {
    "id": 10,
    "incident": "Ошибка оператора при загрузке программы ЧПУ",
    "alternatives": [
      "Оператор неправильно загрузил программу в станок с ЧПУ",
      "Станок с ЧПУ выдал ошибку из-за некорректной программы",
      "Неверная программа вызвала сбой в работе ЧПУ",
      "ЧПУ не запускается — ошибка в управляющей программе",
      "чпу",
      "программа чпу",
      "ошибка чпу",
      "чпу не работает",
      "сломался чпу",
      "неправильная программа чпу"
    ],
    "response_steps": [
      "1. Немедленно остановить станок с ЧПУ.",
      "2. Проверить управляющую программу на синтаксические и логические ошибки.",
      "3. Восстановить рабочую версию программы из резервной копии.",
      "4. Провести пробный прогон программы без заготовки (в режиме симуляции).",
      "5. Провести внеплановый инструктаж для оператора по правилам загрузки и проверки программ.",
      "6. Зафиксировать инцидент в журнале с указанием причины и принятых мер."
    ],
    "memo_file": "memo_010.txt"
  }
]